"last_name, first_name","player_id","year","player_age","ab","pa","hit","single","double","triple","home_run","strikeout","walk","k_percent","bb_percent","batting_avg","slg_percent","on_base_percent","on_base_plus_slg","woba","xwoba","solidcontact_percent","hard_hit_percent","avg_best_speed","avg_hyper_speed","z_swing_percent","z_swing_miss_percent","oz_swing_percent","oz_swing_miss_percent","oz_contact_percent","out_zone_percent","iz_contact_percent","in_zone_percent","whiff_percent","swing_percent","f_strike_percent"
"Ward, Taylor",621493,2024,30,585,663,144,91,26,2,25,163,63,24.6,9.5,".246",".426",".323","0.749",".325",".344",6.7,42.4,"100.017751581","94.464585641",64.8,17.7,20.8,50.9,49.1,49,82.3,51,25.5,43.2,61.1
"Castro, Willi",650489,2024,27,558,635,138,90,31,5,12,150,51,23.6,8,".247",".385",".331","0.716",".317",".321",8,36.8,"98.851706502","93.501303852",72.7,17.4,31.7,53.5,46.5,51.9,82.6,48.1,29,51.4,65
"Greene, Riley",682985,2024,23,512,584,134,77,27,6,24,156,64,26.7,11,".262",".479",".348","0.827",".355",".353",8.1,47.1,"102.088081676","95.54007409",66.3,19.4,23.1,45.8,54.2,51.2,80.6,48.8,26.8,44.3,60.4
"Schanuel, Nolan",694384,2024,22,519,607,130,98,19,0,13,103,68,17,11.2,".250",".362",".343","0.705",".315",".318",4,25.4,"95.305191333","91.662606993",62.1,10,21.5,27.3,72.7,50,90,50,14.4,41.8,62.4
"France, Ty",664034,2024,29,479,535,112,75,24,0,13,114,38,21.3,7.1,".234",".365",".305","0.670",".296",".303",6.2,40,"99.663679892","94.004650595",74.7,16.4,26.9,46.5,53.5,49.3,83.6,50.7,24.2,51.2,62.4
"Doyle, Brenton",686668,2024,26,542,603,141,90,24,4,23,153,46,25.4,7.6,".260",".446",".317","0.763",".328",".328",6,41.4,"100.983223096","94.67619269",74.5,18.2,30,56.5,43.5,51.9,81.8,48.1,29.8,51.4,64.5
"Mountcastle, Ryan",663624,2024,27,473,507,128,83,30,2,13,114,27,22.5,5.3,".271",".425",".308","0.733",".316",".332",7.9,45.2,"102.105716923","95.370233104",75.8,16.2,38,41.4,58.6,52.2,83.8,47.8,25.1,56.1,63.9
"Rafaela, Ceddanne",678882,2024,23,544,571,134,91,23,5,15,151,15,26.4,2.6,".246",".390",".274","0.664",".286",".274",5,36.9,"98.205036294","93.166643181",78.6,24.3,46.4,46.7,53.3,51.7,75.7,48.3,33,61.9,70.5
"Suárez, Eugenio",553993,2024,32,571,640,146,86,28,2,30,176,49,27.5,7.7,".256",".469",".319","0.788",".337",".329",8.9,42.4,"100.570552315","94.463438988",66.9,18.8,27,55.2,44.8,49.4,81.2,50.6,29.1,47.2,65.2
"Guerrero Jr., Vladimir",665489,2024,25,616,697,199,124,44,1,30,96,72,13.8,10.3,".323",".544",".396","0.940",".398",".408",6.3,54.9,"105.663720766","97.649346073",68.6,15.1,27.5,37.3,62.7,50.1,84.9,49.9,21.5,48,61.9
"Gurriel Jr., Lourdes",666971,2024,30,513,553,143,101,22,2,18,101,29,18.3,5.2,".279",".435",".322","0.757",".327",".319",7.2,40,"99.549348469","93.921850288",69.5,11.8,32.9,37.7,62.3,50.3,88.2,49.7,20.2,51.1,64.3
"Langford, Wyatt",694671,2024,22,499,557,126,81,25,4,16,115,51,20.6,9.2,".253",".415",".325","0.740",".321",".328",6.5,43.4,"101.211098854","94.807365599",64.3,16.8,23,38.5,61.5,52,83.2,48,22.9,42.8,60.7
"McCutchen, Andrew",457705,2024,37,448,515,104,65,18,1,20,133,58,25.8,11.3,".232",".411",".328","0.739",".325",".325",5.7,36.9,"99.424962893","93.831123091",65.6,22.3,17.2,55.2,44.8,48.7,77.7,51.3,28.9,42,62.9
"Schwarber, Kyle",656941,2024,31,573,692,142,82,22,0,38,197,106,28.5,15.3,".248",".485",".366","0.851",".366",".380",7.3,55.5,"105.154527813","97.529843438",60.6,23.7,20.9,54.3,45.7,52.1,76.3,47.9,32,39.9,56.4
"Burger, Jake",669394,2024,28,535,579,134,81,23,1,29,150,31,25.9,5.4,".250",".460",".301","0.761",".325",".338",7.7,46.8,"103.619986856","96.171144407",70.1,18.9,36.5,49.4,50.6,52.8,81.1,47.2,30.1,52.4,65.9
"Olson, Matt",621566,2024,30,600,685,148,81,37,1,29,170,71,24.8,10.4,".247",".457",".333","0.790",".339",".340",7.4,47.4,"102.726279537","95.899543218",72.3,22,28.7,36.4,63.6,51.9,78,48.1,26.3,49.7,60.3
"Varsho, Daulton",662139,2024,27,459,513,98,52,21,7,18,137,48,26.7,9.4,".214",".407",".293","0.700",".304",".261",9,34,"98.537583503","93.276618121",70.3,20,25.9,44.6,55.4,50.9,80,49.1,27,47.6,62.3
"Lowe, Nathaniel",663993,2024,28,486,565,129,96,16,1,16,125,71,22.1,12.6,".265",".401",".361","0.762",".337",".329",6.8,40,"100.432822253","94.330442369",62.8,12.3,23.5,41.8,58.2,51,87.7,49,20.6,42.7,60.1
"Verdugo, Alex",657077,2024,28,559,621,130,88,28,1,13,93,49,15,7.9,".233",".356",".291","0.647",".283",".302",6.1,34.9,"98.009613263","93.0881338",61.3,9,25.5,33.3,66.7,46.6,91,53.4,15.5,44.7,62
"Ozuna, Marcell",542303,2024,33,606,688,183,113,31,0,39,170,74,24.7,10.8,".302",".546",".378","0.924",".395",".402",11.4,53.4,"103.338991136","96.489686128",72.5,22.6,26.5,50.4,49.6,55.9,77.4,44.1,31.4,46.8,57.6
"Swanson, Dansby",621020,2024,30,534,593,129,84,27,2,16,144,54,24.3,9.1,".242",".390",".312","0.702",".307",".321",7.9,42.7,"100.210263655","94.404024529",71,22.7,24,48.7,51.3,47.3,77.3,52.7,28.7,48.7,62.2
"Alonso, Pete",624413,2024,29,608,695,146,81,31,0,34,172,70,24.7,10.1,".240",".459",".329","0.788",".340",".343",6.6,46.4,"102.785114727","95.699086105",61,14.1,25.9,48.1,51.9,51.7,85.9,48.3,24.7,42.9,57.5
"García Jr., Luis",671277,2024,24,500,528,141,97,25,1,18,86,27,16.3,5.1,".282",".444",".318","0.762",".328",".332",5.8,41.7,"100.167127696","94.249397672",69,12.6,36,36.4,63.6,52.3,87.4,47.7,21.3,51.7,65.3
"Bregman, Alex",608324,2024,30,581,634,151,93,30,2,26,86,44,13.6,6.9,".260",".453",".315","0.768",".331",".320",7.4,40.5,"98.986527952","93.684160984",65.6,8.7,23.6,24.7,75.3,49.3,91.3,50.7,12.8,44.9,63.6
"Chourio, Jackson",694192,2024,20,528,573,145,91,29,4,21,121,39,21.1,6.8,".275",".464",".327","0.791",".339",".323",6.6,44.9,"100.832969557","94.831073407",66.1,17.3,31.9,47,53,50.4,82.7,49.6,27.1,48.8,65
"Castellanos, Nick",592206,2024,32,606,659,154,97,30,4,23,139,41,21.1,6.2,".254",".431",".311","0.742",".321",".333",6.8,38.2,"99.266703034","93.738511581",79,19.4,37.8,51.9,48.1,50.9,80.6,49.1,30.1,58,69.9
"Raleigh, Cal",663728,2024,27,546,628,120,70,16,0,34,176,70,28,11.1,".220",".436",".312","0.748",".323",".346",6.9,48.1,"102.032071755","95.508789467",74,23,32.7,47.1,52.9,52.6,77,47.4,31,52.3,63.8
"Happ, Ian",664023,2024,29,569,657,138,77,34,2,25,168,80,25.6,12.2,".243",".441",".341","0.782",".341",".345",7.7,45.2,"101.590666318","95.287992294",67.8,21.4,23.2,47.3,52.7,49.2,78.6,50.8,27.9,45.9,61.3
"Nimmo, Brandon",607043,2024,31,571,663,128,77,25,3,23,158,77,23.8,11.6,".224",".399",".327","0.726",".321",".334",6.5,47.4,"101.264982933","95.221659687",65.6,15.2,24.1,45.5,54.5,50.1,84.8,49.9,23.4,44.8,59
"McMahon, Ryan",641857,2024,29,567,645,137,89,28,0,20,185,69,28.7,10.7,".242",".397",".325","0.722",".315",".324",7,49.7,"102.62988712","96.057260524",65.6,22.4,26.5,50.6,49.4,47.9,77.6,52.1,30,46.9,60.7
"Frelick, Sal",686217,2024,24,475,524,123,95,22,4,2,78,39,14.9,7.4,".259",".335",".320","0.655",".292",".278",3.5,19.5,"94.439757846","91.272403907",57,8.1,25.8,23.8,76.2,49.5,91.9,50.5,12.9,41.5,61.1
"Bell, Josh",605137,2024,31,538,603,134,90,23,2,19,120,51,19.9,8.5,".249",".405",".319","0.724",".317",".307",6.2,40.1,"100.078711292","94.16958744",73.4,18.8,27.4,45.6,54.4,53.4,81.2,46.6,26.8,48.8,59
"Ramírez, José",608070,2024,31,620,682,173,93,39,2,39,82,54,12,7.9,".279",".537",".335","0.872",".364",".329",8.5,39.7,"99.642954081","93.982319614",68.9,9.4,31.7,26.6,73.4,52.4,90.6,47.6,15.2,49.4,55.3
"Santander, Anthony",623993,2024,29,595,665,140,69,25,2,44,129,58,19.4,8.7,".235",".506",".308","0.814",".345",".324",9.1,41.6,"100.325476894","94.357156511",67.8,15.4,33.8,28,72,53.2,84.6,46.8,20,49.7,61.5
"Arenado, Nolan",571448,2024,33,578,635,157,118,23,0,16,92,44,14.5,6.9,".272",".394",".325","0.719",".314",".296",5.1,31.6,"96.924147927","92.483246402",63.9,9.8,30,32.7,67.3,50.4,90.2,49.6,17.2,46.8,61.6
"Díaz, Yandy",650490,2024,32,563,621,158,112,31,1,14,95,50,15.3,8.1,".281",".414",".341","0.755",".331",".336",5.3,48.7,"103.441830979","96.263007825",64,10.3,22.8,25.5,74.5,48.9,89.7,51.1,14.2,43.9,58.3
"Torres, Gleyber",650402,2024,27,587,665,151,110,26,0,15,136,65,20.5,9.8,".257",".378",".330","0.708",".313",".306",6.1,35.4,"98.295655921","93.36890443",69.2,18.7,21.4,37,63,49.3,81.3,50.7,22.9,45.7,62.9
"Steer, Spencer",668715,2024,26,574,656,129,71,34,4,20,137,72,20.9,11,".225",".402",".319","0.721",".316",".315",7.7,39.9,"99.163434247","93.708755492",64.8,13.4,24.8,47.9,52.1,50.8,86.6,49.2,23.1,44.5,60.5
"De La Cruz, Bryan",650559,2024,27,584,622,136,90,25,0,21,170,29,27.3,4.7,".233",".384",".271","0.655",".283",".301",6.4,41.3,"99.848652919","94.22196445",75.3,22.4,32.6,47,53,51.3,77.6,48.7,30.1,53.4,64.6
"Kwan, Steven",680757,2024,26,480,540,140,107,16,3,14,51,53,9.4,9.8,".292",".425",".368","0.793",".349",".334",5.3,23.7,"95.04543782","91.531639359",57.6,4.3,19.2,20.4,79.6,48.3,95.7,51.7,8.2,39.1,58.9
"Morel, Christopher",666624,2024,25,535,611,105,70,11,3,21,159,61,26,10,".196",".346",".288","0.634",".280",".316",4.5,40.4,"101.221222105","94.784090605",68.8,27.3,26.2,51.1,48.9,51.1,72.7,48.9,34.1,47,64.6
"Winn, Masyn",691026,2024,22,587,637,157,105,32,5,15,109,41,17.1,6.4,".267",".416",".314","0.730",".315",".294",6.4,32.7,"98.144268452","93.085870398",62.7,13,30.4,32.2,67.8,48.5,87,51.5,19,47,62.1
"Hoerner, Nico",663538,2024,27,582,641,159,116,35,1,7,66,44,10.3,6.9,".273",".373",".335","0.708",".313",".313",2.1,27.6,"95.980926525","91.993965849",63.7,6.9,31.8,22.5,77.5,48.3,93.1,51.7,11.9,48.4,64.9
"Bleday, JJ",668709,2024,26,572,642,139,72,43,4,20,125,67,19.5,10.4,".243",".437",".324","0.761",".330",".316",7.1,36.2,"98.959573229","93.527316345",67.8,17,24.7,49.1,50.9,52.2,83,47.8,26.1,45.3,61.4
"Springer, George",543807,2024,34,545,614,120,79,19,3,19,115,60,18.7,9.8,".220",".371",".303","0.674",".298",".321",4.4,37.4,"99.896868","94.046929394",73,18.6,23.5,47.3,52.7,48.4,81.4,51.6,25.3,49.1,65.3
"Diaz, Yainer",673237,2024,25,585,619,175,127,29,3,16,107,24,17.3,3.9,".299",".441",".325","0.766",".329",".338",8.4,47.5,"101.297056214","95.034359505",77.7,13.6,42.6,40.2,59.8,53.8,86.4,46.2,24,58.8,66.9
"Abrams, CJ",682928,2024,23,541,602,133,78,29,6,20,128,40,21.3,6.6,".246",".433",".314","0.747",".322",".319",9.6,40.7,"99.496479615","93.910198048",70.5,18.4,35.4,37.7,62.3,49.1,81.6,50.9,24.7,53.3,63
"Semien, Marcus",543760,2024,33,650,718,154,102,27,2,23,105,64,14.6,8.9,".237",".391",".308","0.699",".306",".314",4.8,35.2,"97.806210919","93.005121934",75.9,11.9,25.2,44,56,51.1,88.1,48.9,20.2,50,60.4
"Langeliers, Shea",669127,2024,26,482,534,108,59,18,2,29,145,41,27.2,7.7,".224",".450",".288","0.738",".315",".328",5.2,44,"102.05460686","95.451719446",69.5,19.7,30.7,49.4,50.6,51.7,80.3,48.3,29.2,49.5,64.8
"Freeman, Freddie",518692,2024,34,542,638,153,94,35,2,22,100,78,15.7,12.2,".282",".476",".378","0.854",".365",".365",8.4,41.8,"100.349133067","94.527301044",73.7,16.6,26.6,29,71,51.8,83.4,48.2,20.2,49.4,60.3
"Judge, Aaron",592450,2024,32,559,704,180,85,36,1,58,171,133,24.3,18.9,".322",".701",".458","1.159",".476",".479",8.5,61,"107.20043567","99.103701521",67.4,22.6,18.7,57.3,42.7,52.1,77.3,47.9,30.7,42,52.6
"Marte, Ketel",606466,2024,30,504,583,147,86,23,2,36,106,65,18.2,11.1,".292",".560",".372","0.932",".391",".392",7.4,53.8,"103.991137178","96.920444406",71.3,14.1,26,40,60,51,85.9,49,21.3,48.2,58.8
"Burleson, Alec",676475,2024,25,547,595,147,106,20,0,21,76,35,12.8,5.9,".269",".420",".314","0.734",".319",".328",7.1,41.7,"99.381927173","94.012155751",77.6,13.3,34.5,32,68,50.6,86.7,49.4,19.2,55.7,63.5
"Smith, Will",669257,2024,29,476,544,118,72,24,2,20,105,51,19.3,9.4,".248",".433",".327","0.760",".326",".331",8.4,42,"99.318269153","93.929159392",66.5,15.5,26.3,34.2,65.8,50.4,84.5,49.6,20.9,46.2,60.9
"Stott, Bryson",681082,2024,26,506,571,124,92,19,2,11,93,53,16.3,9.3,".245",".356",".315","0.671",".296",".306",5.2,30.8,"97.149266143","92.631038831",59.6,13.3,28.3,25,75,49.5,86.7,50.5,17,44.1,63.2
"Cowser, Colton",681297,2024,24,499,561,121,70,24,3,24,172,52,30.7,9.3,".242",".447",".321","0.768",".331",".327",7.6,46.1,"101.838992303","95.374243739",64,20.1,25,56.7,43.3,49.9,79.9,50.1,30.4,44.5,58.3
"Ortiz, Joey",687401,2024,25,440,511,105,63,25,6,11,103,56,20.2,11,".239",".398",".329","0.727",".319",".305",5.2,38.4,"99.391509467","93.766433018",53.5,9.9,24.7,33.3,66.7,49.2,90.1,50.8,17.1,39.4,58.5
"Alvarez, Yordan",670541,2024,27,552,635,170,99,34,2,35,95,69,15,10.9,".308",".567",".392","0.959",".402",".410",7.6,49.7,"104.097105087","96.703519522",68,11.1,30.5,36.5,63.5,53.9,88.9,46.1,19.9,47.8,58.9
"Donovan, Brendan",680977,2024,27,587,652,163,112,34,3,14,81,47,12.4,7.2,".278",".417",".342","0.759",".332",".336",6.5,37.6,"98.552237391","93.418618597",63.7,8.6,23.7,33.6,66.4,48.6,91.4,51.4,15.1,44.2,59.7
"Soler, Jorge",624585,2024,32,493,574,119,63,34,1,21,141,68,24.6,11.8,".241",".442",".338","0.780",".340",".346",7.3,44.1,"101.898357865","95.262490702",64.8,17.1,26.8,53.6,46.4,53.6,82.9,46.4,28.9,44.5,58.9
"García, Adolis",666969,2024,31,580,637,130,78,27,0,25,177,45,27.8,7.1,".224",".400",".284","0.684",".296",".306",6.6,48.2,"101.827676765","95.435631691",74.9,24.7,33.6,51.5,48.5,55.2,75.3,44.8,34.3,52.1,64.7
"Merrill, Jackson",701538,2024,21,554,593,162,101,31,6,24,101,29,17,4.9,".292",".500",".326","0.826",".352",".372",7.8,43.9,"100.811784978","94.735707484",80,13.8,34.4,35.5,64.5,50.7,86.2,49.3,20.5,56.9,65.5
"Hoskins, Rhys",656555,2024,31,449,517,96,56,14,0,26,149,53,28.8,10.3,".214",".419",".303","0.722",".313",".301",6.2,42.2,"99.737434248","94.057895065",59.3,21.2,25.4,39,61,48.6,78.8,51.4,26.3,42.8,62
"Rodgers, Brendan",663898,2024,27,501,539,134,91,29,1,13,132,31,24.5,5.8,".267",".407",".314","0.721",".314",".296",7,44.1,"101.153269243","94.773964417",69.2,15,29.1,52,48,49.6,85,50.4,25.9,49.3,66.7
"Garcia, Maikel",672580,2024,24,575,626,133,94,27,5,7,103,42,16.5,6.7,".231",".332",".281","0.613",".270",".300",4.8,42.8,"100.050927426","94.39492241",63.6,10.9,21.2,31.4,68.6,47.7,89.1,52.3,15.7,43.4,65.7
"Turang, Brice",668930,2024,24,559,619,142,107,24,4,7,105,50,17,8.1,".254",".349",".316","0.665",".294",".298",2.6,29.7,"96.869333063","92.521821874",64.4,9.2,28.4,25.7,74.3,46.5,90.8,53.5,13.8,47.7,62.6
"Santana, Carlos",467793,2024,38,521,594,124,75,26,0,23,99,65,16.7,10.9,".238",".420",".328","0.748",".326",".329",6.6,39.9,"99.506124387","94.004167778",64.9,16.6,23.4,40.3,59.7,52.1,83.4,47.9,23.3,43.3,56.7
"De La Cruz, Elly",682829,2024,22,618,696,160,89,36,10,25,218,69,31.3,9.9,".259",".471",".339","0.810",".349",".327",6.2,45.7,"102.95535404","95.90272362",61.7,23.2,26.9,54.2,45.8,52.7,76.8,47.3,33.4,43.4,62.1
"Chapman, Matt",656305,2024,31,575,647,142,74,39,2,27,158,64,24.4,9.9,".247",".463",".328","0.791",".340",".341",8.1,48.3,"104.356012981","96.727633301",63.5,18.9,24.2,36.8,63.2,48.1,81.1,51.9,23.5,44.6,64.2
"Cruz, Oneil",665833,2024,25,541,599,140,82,34,3,21,181,51,30.2,8.5,".259",".449",".324","0.773",".331",".340",4.7,54.9,"107.199352928","98.547881492",63,24,31.7,51.6,48.4,53.4,76,46.6,34.1,46.3,63.9
"Ramos, Heliot",671218,2024,24,475,518,128,80,23,3,22,135,37,26.1,7.1,".269",".469",".322","0.791",".339",".338",5.5,47.5,"102.620742924","95.895956716",72.3,18.3,29.9,51.9,48.1,51.8,81.7,48.2,28.7,50.3,61.2
"Reynolds, Bryan",668804,2024,29,622,692,171,115,29,3,24,156,57,22.5,8.2,".275",".447",".344","0.791",".343",".350",7.2,45.4,"100.987209316","94.867542484",74,18.7,30.2,52,48,53.8,81.3,46.2,29.4,50.4,62.8
"Meyers, Jake",676694,2024,28,461,513,101,65,20,3,13,117,35,22.8,6.8,".219",".360",".286","0.646",".285",".303",8.3,37,"99.317270058","93.726741906",68.1,15.9,31.2,49.8,50.2,51.3,84.1,48.7,27,49.1,69
"Altuve, Jose",514888,2024,34,628,682,185,134,31,0,20,119,47,17.4,6.9,".295",".439",".350","0.789",".344",".317",3.9,31.2,"97.323672581","92.693762581",68.6,12.7,37.3,36.3,63.7,54.7,87.3,45.3,22.1,51.5,64.6
"Contreras, William",661388,2024,26,595,679,167,105,37,2,23,139,78,20.5,11.5,".281",".466",".365","0.831",".359",".358",7.8,49.5,"103.875480043","96.642602527",71,19.3,25.6,49.2,50.8,52.1,80.7,47.9,27.8,47.4,60.7
"Goldschmidt, Paul",502671,2024,36,599,654,147,91,33,1,22,173,47,26.5,7.2,".245",".414",".302","0.716",".310",".329",8.9,49.6,"101.892583709","95.666428146",65.1,22.1,29.5,39.7,60.3,49,77.9,51,27.4,47.7,64
"Giménez, Andrés",665926,2024,25,583,633,147,115,22,1,9,97,26,15.3,4.1,".252",".340",".298","0.638",".281",".297",4.4,28.5,"96.492499139","92.262342361",74.6,15.7,37.4,37.6,62.4,48.9,84.3,51.1,22.8,56.4,62.4
"Peña, Jeremy",665161,2024,26,602,650,160,115,28,2,15,111,25,17.1,3.8,".266",".394",".308","0.702",".305",".310",5.4,38.8,"99.323506707","93.74168435",72.9,11.4,36.9,49.4,50.6,51.9,88.6,48.1,24.9,54.2,67.6
"Soto, Juan",665742,2024,25,576,713,166,90,31,4,41,119,129,16.7,18.1,".288",".569",".419","0.988",".421",".462",6.3,57,"105.650123728","97.994705143",59,15.2,18.3,39.3,60.7,53.5,84.8,46.5,21.5,37.2,54.1
"Chisholm Jr., Jazz",665862,2024,26,562,621,144,95,21,4,24,152,53,24.5,8.5,".256",".436",".324","0.760",".327",".316",5.8,41.1,"100.122466782","94.459141861",67.1,22.7,29.2,43.7,56.3,51.6,77.3,48.4,29.3,47.5,60.1
"Benintendi, Andrew",643217,2024,29,477,522,109,69,20,0,20,96,41,18.4,7.9,".229",".396",".289","0.685",".298",".302",8.3,34.4,"97.17823","92.764984068",69.3,17,25.1,33.1,66.9,48.2,83,51.8,21.1,48,61
"Stephenson, Tyler",663886,2024,27,457,515,118,72,26,1,19,117,48,22.7,9.3,".258",".444",".338","0.782",".339",".322",6.1,43.9,"100.320154503","94.587176774",63.4,13.2,23.7,47.2,52.8,50.8,86.8,49.2,22.7,43.2,62.4
"Volpe, Anthony",683011,2024,23,637,689,155,109,27,7,12,156,42,22.6,6.1,".243",".364",".293","0.657",".287",".275",5.6,35.4,"98.177841555","93.206482989",65.4,16.5,29.3,37.4,62.6,48,83.5,52,22.6,48.1,61.3
"Duran, Jarren",680776,2024,27,671,735,191,108,48,14,21,160,54,21.8,7.3,".285",".492",".342","0.834",".357",".338",6.2,43.9,"101.928155512","95.341113209",68.2,15.7,28.1,47.1,52.9,49.7,84.3,50.3,24.8,48.3,58.7
"O'Hoppe, Logan",681351,2024,24,479,522,117,79,17,1,20,155,33,29.7,6.3,".244",".409",".303","0.712",".311",".331",7.1,46.3,"101.233350982","95.0870388",72.4,22.7,34,54.3,45.7,53,77.3,47,33.6,52,64
"Naylor, Josh",647304,2024,27,563,633,137,79,27,0,31,105,58,16.6,9.2,".243",".456",".320","0.776",".332",".335",6.1,40.9,"100.815360087","94.680816725",72.3,14.5,32.2,37,63,54.8,85.4,45.2,22.4,50.3,60.3
"Vaughn, Andrew",683734,2024,26,570,619,140,90,30,1,19,132,38,21.3,6.1,".246",".402",".297","0.699",".304",".320",8.4,43.3,"100.921632928","94.702971332",66.7,11.8,33,41.6,58.4,51.4,88.2,48.6,22,49.4,64.3
"Walker, Christian",572233,2024,33,479,552,120,68,26,0,26,133,55,24.1,10,".251",".468",".335","0.803",".343",".351",7.1,48,"103.127969548","96.011102521",73.1,17.5,24.3,48.8,51.2,51.4,82.5,48.6,25.6,48,57.4
"Tovar, Ezequiel",678662,2024,22,655,695,176,101,45,4,26,200,23,28.8,3.3,".269",".469",".295","0.764",".324",".288",7.7,39.8,"99.306485852","93.964016332",82,21.9,44.1,53.5,46.5,51.9,78.1,48.1,33.5,62.3,68.2
"Paredes, Isaac",670623,2024,25,542,641,129,84,25,1,19,105,76,16.4,11.9,".238",".393",".346","0.739",".327",".304",7.2,27.1,"95.875582928","91.952619865",64.7,11,26.5,31.1,68.9,52.3,89,47.7,17.2,44.7,62.9
"Bellinger, Cody",641355,2024,28,516,569,137,93,23,3,18,89,45,15.6,7.9,".266",".426",".325","0.751",".322",".301",3.9,32.9,"97.314029213","92.768351065",67.1,16,32.4,35,65,49.9,84,50.1,22.2,49.8,59.1
"Gelof, Zack",680869,2024,24,497,547,105,66,20,2,17,188,38,34.4,6.9,".211",".362",".270","0.632",".276",".271",6.3,37.2,"98.970921935","93.611147032",72.1,26.1,29.7,62.8,37.2,48.6,73.9,51.4,36.4,51.5,65.4
"India, Jonathan",663697,2024,27,533,637,132,87,28,2,15,125,80,19.6,12.6,".248",".392",".357","0.749",".333",".353",5.8,36.5,"98.90319256","93.547150797",57.6,12.2,18.4,41.7,58.3,49.1,87.8,50.9,19.2,38.3,59.8
"Pasquantino, Vinnie",686469,2024,26,496,554,130,79,30,2,19,71,40,12.8,7.2,".262",".446",".315","0.761",".325",".331",8.9,46.5,"100.997993151","94.970921142",66.3,7.5,30.7,28.4,71.6,52,92.5,48,14.5,47.8,59.9
"Cronenworth, Jake",630105,2024,30,577,656,139,90,29,3,17,118,61,18,9.3,".241",".390",".324","0.714",".315",".335",5.8,36.7,"99.527561266","93.904133654",65.9,10.8,23.1,36.1,63.9,48.8,89.2,51.2,17.1,45,58.2
"Turner, Trea",607208,2024,31,505,539,149,103,25,0,21,98,27,18.2,5,".295",".469",".338","0.807",".349",".317",5.6,40.7,"99.706063382","94.073107543",74.8,14.2,33.9,51,49,51.5,85.8,48.5,26.1,53.7,66.6
"Rodríguez, Julio",677594,2024,23,567,613,155,118,17,0,20,156,38,25.4,6.2,".273",".409",".325","0.734",".321",".344",6.1,48.4,"103.553687536","96.325344116",74.7,21.2,37.3,47,53,54.5,78.8,45.5,30.9,54.3,61.8
"Arcia, Orlando",606115,2024,29,551,602,120,79,24,0,17,128,41,21.3,6.8,".218",".354",".271","0.625",".273",".261",6.5,37.8,"98.41985743","93.283896472",70.8,17.7,27.6,49.4,50.6,50.1,82.3,49.9,26.6,49.1,64.5
"Suzuki, Seiya",673548,2024,29,512,585,145,91,27,6,21,160,63,27.4,10.8,".283",".482",".366","0.848",".365",".346",10.1,49.2,"102.565369326","95.834191408",59.6,16.6,20.7,46.1,53.9,51.4,83.4,48.6,24.5,39.6,57.5
"Harper, Bryce",547180,2024,31,550,631,157,85,42,0,30,138,76,21.9,12,".285",".525",".373","0.898",".380",".356",9.6,48.2,"102.531835097","95.63882949",78.2,14.9,33.4,47.6,52.4,56.7,85.1,43.3,26.7,52.9,62.6
"Arozarena, Randy",668227,2024,29,549,648,120,67,33,0,20,169,73,26.1,11.3,".219",".388",".332","0.720",".320",".321",7,43.5,"100.904108177","94.731331384",59.5,25,24.3,40,60,52.7,75,47.3,29.7,41,62.5
"Turner, Justin",457759,2024,39,460,539,119,84,24,0,11,95,59,17.6,10.9,".259",".383",".354","0.737",".327",".328",6.7,32.5,"96.702342312","92.434680753",65.7,11.5,25.1,31.3,68.7,49.9,88.5,50.1,17,45.4,57.7
"Witt Jr., Bobby",677951,2024,24,636,709,211,123,45,11,32,106,57,15,8,".332",".588",".389","0.977",".410",".408",5.6,48.3,"103.972880446","96.499868141",72.3,15.2,32.1,36.7,63.3,52.6,84.8,47.4,22.3,51.2,62
"Vierling, Matt",663837,2024,27,518,567,133,84,28,5,16,121,41,21.3,7.2,".257",".423",".312","0.735",".317",".310",5.5,40.9,"100.235830606","94.344722247",62.1,12.8,22,39.5,60.5,48.1,87.2,51.9,19.5,42.8,57.8
"Winker, Jesse",608385,2024,30,430,508,109,72,23,0,14,106,63,20.9,12.4,".253",".405",".360","0.765",".338",".329",3.3,37.4,"98.91091179","93.570274815",64.7,15,19,37.5,62.5,47,85,53,19.6,43.2,61.9
"Carroll, Corbin",682998,2024,23,589,684,136,78,22,14,22,130,73,19,10.7,".231",".428",".322","0.750",".325",".325",7,40.8,"101.055665665","94.755672366",59.8,13,24.9,36.1,63.9,52.8,87,47.2,20.3,41.4,56.4
"Ohtani, Shohei",660271,2024,29,636,731,197,98,38,7,54,162,81,22.2,11.1,".310",".646",".390","1.036",".431",".441",9,60.1,"106.727792385","98.772122364",69.7,23.1,26.6,46.1,53.9,52,76.9,48,29.8,47.3,61
"Perez, Salvador",521692,2024,34,590,652,160,105,28,0,27,129,44,19.8,6.7,".271",".456",".330","0.786",".335",".361",6.6,44.8,"101.856275647","95.341857371",77.3,18.3,42.9,41,59,56.6,81.7,43.4,27.8,57.8,65.7
"Busch, Michael",683737,2024,26,496,567,123,72,28,2,21,162,63,28.6,11.1,".248",".440",".335","0.775",".336",".319",6.5,39.9,"99.992212321","94.35127744",68.6,20.2,23.2,51.1,48.9,51.7,79.8,48.3,28.4,45.2,61
"Neto, Zach",687263,2024,23,542,602,135,77,34,1,23,140,39,23.3,6.5,".249",".443",".318","0.761",".330",".317",8.4,38.8,"100.130832864","94.28058907",67.9,17.8,31.3,45.8,54.2,51.9,82.2,48.1,27.1,48.9,62.1
"Smith, Josh",669701,2024,26,523,592,135,91,30,1,13,121,46,20.4,7.8,".258",".394",".337","0.731",".323",".304",5.7,37.1,"98.306997711","93.25999596",66.9,14.9,25.9,40.9,59.1,48.3,85.1,51.7,21.8,47.1,65
"Bohm, Alec",664761,2024,27,554,606,155,94,44,2,15,86,40,14.2,6.6,".280",".448",".332","0.780",".335",".343",9.1,45.6,"100.768220847","94.781662669",71.1,10.5,27.2,37.2,62.8,48.8,89.5,51.2,17.6,49.7,60.9
"Lindor, Francisco",596019,2024,30,618,689,169,96,39,1,33,127,56,18.4,8.1,".273",".500",".344","0.844",".363",".379",5.7,47.4,"101.098117236","95.07615815",69.9,17.5,26.3,41,59,48.5,82.5,51.5,23.7,48.7,60.2
"Taveras, Leody",665750,2024,25,480,529,110,78,17,3,12,112,42,21.2,7.9,".229",".352",".289","0.641",".282",".295",5.3,35.5,"99.173170874","93.650113205",69.5,17.4,29,46.3,53.7,51.1,82.6,48.9,26.2,48.8,62.6
"Profar, Jurickson",595777,2024,31,564,668,158,105,29,0,24,101,76,15.1,11.4,".280",".459",".380","0.839",".365",".364",4.9,44.4,"100.952441293","94.862553707",68.6,12.1,21.9,33.1,66.9,49.3,87.9,50.7,17,45.6,60.2
"Young, Jacob",696285,2024,24,468,521,120,92,24,1,3,102,30,19.6,5.8,".256",".331",".316","0.647",".290",".286",2.9,28.9,"96.872142235","92.486924676",60.3,12.1,27.8,36.6,63.4,47.4,87.9,52.6,19.3,44.9,64.7
"Thomas, Lane",657041,2024,28,472,528,112,68,26,3,15,137,44,25.9,8.3,".237",".400",".309","0.709",".309",".307",7.1,40.6,"100.376555353","94.3557595",64,17.2,22.9,40.9,59.1,49.3,82.8,50.7,23.3,43.8,62.6
"Rooker, Brent",667670,2024,29,546,614,160,93,26,2,39,177,59,28.8,9.6,".293",".562",".365","0.927",".392",".379",8.6,49.6,"103.25238457","96.193453235",72.6,21.1,31,60.2,39.8,53.9,78.9,46.1,34.1,50.2,63.8
"Arraez, Luis",650333,2024,27,637,672,200,161,32,3,4,29,24,4.3,3.6,".314",".392",".346","0.738",".323",".325",3.8,23.7,"94.838000362","91.449624457",63,4.7,35.3,11.3,88.7,47.8,95.3,52.2,6.9,49.8,61.3
"Sánchez, Jesús",660821,2024,26,489,537,123,79,25,1,18,140,41,26.1,7.6,".252",".417",".313","0.730",".317",".342",7.1,51.3,"104.556000571","96.923820315",73.5,21.9,36.1,47.2,52.8,54.2,78.1,45.8,31.2,53.2,67
"Rutschman, Adley",668939,2024,26,571,638,143,102,21,1,19,103,58,16.1,9.1,".250",".391",".318","0.709",".309",".315",4.8,36.6,"98.081119454","93.149039684",60.1,12.1,28.9,27.5,72.5,50.1,87.9,49.9,17.1,44.5,59.7
"Betts, Mookie",605141,2024,31,450,516,130,82,24,5,19,57,61,11,11.8,".289",".491",".372","0.863",".371",".357",10.1,39.5,"98.50877402","93.575257103",60.8,6.1,21.1,38.7,61.3,51.4,93.9,48.6,14.9,40.4,61
"Seager, Corey",608369,2024,30,475,533,132,81,21,0,30,96,53,18,9.9,".278",".512",".353","0.865",".365",".387",9.7,50.7,"103.274395474","96.157523456",79.5,13.5,27.8,50.2,49.8,51.2,86.5,48.8,23.4,53,62.2
"Adames, Willy",642715,2024,28,610,688,153,88,33,0,32,173,74,25.1,10.8,".251",".462",".331","0.793",".342",".339",8.6,40.7,"99.769639045","94.108759136",71.2,21.1,28.1,50.5,49.5,50.5,78.9,49.5,29.5,49.5,59.9
"Hernández, Teoscar",606192,2024,31,589,652,160,93,32,2,33,188,53,28.8,8.1,".272",".501",".339","0.840",".360",".345",7.5,46.8,"102.727395423","95.689116559",74.7,25,28.7,56.4,43.6,51.2,75,48.8,34,51.2,64.7
"Machado, Manny",592518,2024,31,593,643,163,104,30,0,29,124,45,19.3,7,".275",".472",".325","0.797",".340",".338",5.9,48.8,"103.370494128","96.17209183",72.4,16.2,29.7,45.3,54.7,48.6,83.8,51.4,24.4,51.6,63.3
"Henderson, Gunnar",683002,2024,23,630,719,177,102,31,7,37,159,78,22.1,10.8,".281",".529",".364","0.893",".381",".374",8.6,53.9,"104.002332911","96.835723291",66.7,17.5,23.2,42.8,57.2,51.6,82.5,48.4,24.4,44.2,55.6
"Keith, Colt",690993,2024,22,516,556,134,102,15,4,13,110,36,19.8,6.5,".260",".380",".309","0.689",".301",".310",5.1,35.3,"98.472613627","93.330372181",67.9,13.4,29.9,44.4,55.6,50.8,86.6,49.2,23.2,48.6,61.9
"Devers, Rafael",646240,2024,27,525,601,143,76,34,5,28,147,67,24.5,11.1,".272",".516",".354","0.870",".364",".364",8.6,52.6,"104.597925864","97.090537461",73.8,28.1,30.4,36.8,63.2,52.7,71.9,47.3,30.9,50.9,60.7